Societ√†;La classe media sta scomparendo;https://x.com/GameofTrades_/status/1763187365827268668;;;;;;
Clima;Monitoraggio delle anomalie delle temperature;https://x.com/ed_hawkins/status/1763146301401624893;;;;;;
Societ√†;Cosa serve per essere nell'1% pi√π ricco del mondo;https://x.com/MorningBrew/status/1762957212912112034;;;;;;
Divertimento;Viaggio su strada algoritmico per visitare una strada per ogni giorno dell'anno;https://flowingdata.com/2024/02/29/algorithmic-road-trip-to-visit-a-street-named-after-each-day-of-the-year/;;;;;;
Clima;Valar estrae gas dall'aria con la fissione nucleare;https://x.com/isaiah_p_taylor/status/1720418162985054350;;;;;;
Genetica;Modifica 'epigenetica' riduce il colesterolo nei topi;https://substack.com/redirect/72bf8e95-cca7-4491-8bcd-85f81b5cc6ac;;;;;;
Sport;L'impatto dell'et√† sulla massa muscolare;https://x.com/hpfounder/status/1763536587281870858;;;;;;
Veicoli Elettrici;Nel 2022 circa 1 su 7 nuove auto vendute nel mondo erano elettriche;https://ourworldindata.us8.list-manage.com/track/click;;;;;;
Criptovalute;Approfondimento sugli ETF;https://x.com/intangiblecoins/status/1762865996447035600;;;;;;
Clima;Emissioni di CO2 nel 2023: nuovo record ma c'√® speranza;https://www.iea.org/reports/co2-emissions-in-2023;;;;;;
Blockchain;Idee per l'anima;https://medium.com/@nvidiaomniverse/chatgpt-and-gpt-4-for-3d-content-generation-9cbe5d17ec15;;;;;;
Medicina;Sistema di rilevamento contro l'Alzheimer;https://substack.com/redirect/7c4a3a9b-c38d-4d44-bbfd-a45599e4fac6;;;;;;
Cervello;Brainco in Cina per monitorare il controllo scolastico;https://focuscalm.com/products/focuscalm-eeg-headband;;;;;;
Clima;Grani di riso integrati con cellule animali: scorciatoia per un sistema alimentare sostenibile;https://www.cell.com/matter/abstract/S2590-2385(24)00016-X;;;;;;
Intelligenza Artificiale;Studio sull'AI che sviluppa e ottimizza i propri prompt superando quelli umani;https://substack.com/redirect/a1c94168-03f8-4baf-9494-fdcadb1f676f;;;;;;
Intelligenza Artificiale;Minacciare GPT per un biglietto di Taylor Swift;https://substack.com/redirect/c0074a15-c28f-4c7e-ad97-427bd90c5504;;;;;;
Intelligenza Artificiale;Claude esegue simulazioni di Monte Carlo;https://youtu.be/9b7bx423SWk;;;;;;
Intelligenza Artificiale;Testo vs visione nell'intelligenza artificiale;https://x.com/ylecun/status/1766498677751787723;;;;;;
Societ√†;L'importanza della dimensione e della densit√† della popolazione nell'innovazione;https://substack.com/redirect/e9ca8876-d983-4be4-bc75-f5db6d13f0a4;;;;;;
Tecnologia;L'intelligenza artificiale potrebbe gestire quasi tutti i passaggi del processo innovativo;https://substack.com/redirect/552f32aa-95fc-4ac8-be7f-01e60b954df4;;;;;;
Nucleare;Amazon acquista una centrale nucleare da 2;5 GW per alimentare il suo nuovo data center in Pennsylvania;https://substack.com/redirect/8a8e6942-06b3-4f61-bb51-44571b1d5fba;;;;;
Tecnologia;Gli schermi e l'effetto sulla comprensione e sulla societ√†;https://substack.com/redirect/ae8ee948-1a41-4e3c-935e-ec6d4501d495;;;;;;
Intelligenza Artificiale;Superfast groq usercases;https://ci3.googleusercontent.com/meips/ADKq_NamwB97uFGxI2qMPIoN7W0eY2QBI8r9ESbMg-gwgIcjT09oYuXOfuOvZxAWT0AgLBlYhngZCB6cPFeCDPcq2Wb2oF-Wn7l8iX4EmUq0yFmfGPLKAFO6fEnZ_LQzajsaEIMHqiZAvCVrxlrbUF_fh1g2LC7Sequoi-XCKns0bzWjC72NEhL0cBvsJkdmGB5ltKZ24n3kyRsN2AJr3CzvKozm7bbyfin0Hi-MiRjksSWkUDSwHhviyvjCoQ8GRysJNnNJLhCgpYYwozdnVgjLaFjqA1A2ucCwMkiWQpfbD6qh_JuAz0JaD34wJQ=s0-d-e1-ft#https://substackcdn.com/image/fetch/w_1754;c_limit;f_auto;q_auto:good;fl_progressive:steep/https%3A%2F%2Fsubstack-post-media.s3.amazonaws.com%2Fpublic%2Fimages%2F1a4c2b1a-023c-4540-b0bb-b2ca516cd263_877x1093.png;;
Tecnologia;Meet Brain Talker - interfaccia cervello-computer per leggere il loop fonologico emisferico sinistro della voce silenziosa;https://x.com/BrianRoemmele/status/1136275884422287361;;;;;;
Clima;Emissioni del Regno Unito nel 2023 ridotte ai livelli pi√π bassi dal 1879;https://x.com/DrSimEvans/status/1767222825700425863;;;;;;
Criptovalute;Bitcoin ed economia;https://x.com/WClementeIII/status/1768042623091032415;;;;;;
Cervello;Manipolazione del cervello note di Telmo Pievani;corriere.it;;;;;;
Societ√†;Giappone: nascite a un minimo record nel 2023 allontanandosi dall'inversione della tendenza di calo della natalit√†;https://chartr.us20.list-manage.com/track/click;;;;;;
Arte;Artista di Tokyo che muove la carta;https://www.itsnicethat.com/articles/shotaro-kitada-animation-discover-190224;;;;;;
Libro;"Nel suo nuovo libro ""Fluke"" Klaas sostiene la necessit√† di sostituire le semplicistiche analisi statistiche con una teoria degli eventi rari";https://luxcapital.us13.list-manage.com/track/click;;;;;;
Sport;Le 100 migliori squadre del mondo;https://x.com/MorningBrew/status/1761422231240950180;;;;;;
Tecnologia;Libro sui minerali;https://x.com/APompliano/status/1761404869674487810;;;;;;
Denaro;Prezzo del KWH di energia inflazionato;https://x.com/beaglebrigade/status/1761335116410835250;;;;;;
Benessere;Anche l'anima √® duplice Hesse offre la sua prescrizione per resistere al facile cammino dell'illusione;https://themarginalian.us2.list-manage.com/track/click;;;;;;
Arte;Costruendo sulle sue fotomicrografie ipnotiche di api Fisher usa gli strumenti tecnologici della scienza per sondare le dimensioni poetiche e immateriali di un comportamento umano universale radiante infinite sfumature emotive;https://www.amazon.it/dp/1942658281;;;;;;
Ottimismo;I robot ci stanno arrivando!!;https://x.com/APompliano/status/1762204366381936776;;;;;;
Intelligenza Artificiale;Gemini corregge bug filmando;https://x.com/mckaywrigley/status/1762175776726663267;;;;;;
Giochi;Carte magiche generate dall'AI;https://x.com/emollick/status/1762480392513147003;;;;;;
Benessere;Twitter e ansia studio su Nature;https://x.com/emollick/status/1762567635873440173;;;;;;
Sport;La societ√† con sede nel Minnesota Moxy ora vende un sensore di ossigeno muscolare delle dimensioni di un pacchetto di fiammiferi per 800 dollari;https://www.moxymonitor.com/;;;;;;
Sport;Statistiche per qualificarsi alla maratona di Boston;https://x.com/Outside_Run/status/1757057072418467905;;;;;;
Robot;"Il ""prodotto minimo viable"" nei campus universitari ha permesso a Starship e Alibaba di scalare le loro soluzioni di consegna autonoma";https://research.ark-invest.com/token-extensions-on-the-solana-blockchain-are-unleashing-opportunities-for-developers-and-more;;;;;;
Scienza;Pubblicit√† Pfizer contro il cancro al Super Bowl;https://www.youtube.com/watch;;;;;;
Intelligenza Artificiale;Google annuncia Gemini 1.5 un nuovo grande modello di linguaggio con una finestra di contesto di 1 milione di token;https://x.com/DrJimFan/status/1758275649373151671;;;;;;
Intelligenza Artificiale;Sora di OpenAI impara la fisica del nostro mondo text-2-video;https://x.com/DrJimFan/status/1758355680321519933;;;;;;
Clima;Nature Kamasutra;https://www.itsnicethat.com/news/glimpse-purpose-disruptors-agency-for-nature-advertising-140224;;;;;;
Mobilit√†;Alzare la parte frontale di un'auto di soli 10 centimetri la rende del 22% pi√π probabile uccidere un pedone in un incidente;https://www.sciencedirect.com/science/article/pii/S2212012224000017;;;;;;
Clima;Un pioniere dell'estetica dell'intelligenza delle macchine l'artista e tecnologo Refik Anadol √® noto per le sue opere multimediali innovative e le grandi installazioni pubbliche. Echoes of the Earth: Living Archive;https://www.serpentinegalleries.org/whats-on/refik-anadol-echoes-of-the-earth-living-archive/;;;;;;
Auto;Tesla;https://www.lamaoriauto.it/auto/nuove-pronta-consegna/varese/tesla/model-3/elettrica/rwd-highland-promo-tan-5-25/7577552/;;;;;;
Salute;Ultimi sviluppi del DNA;https://x.com/ElliotHershberg/status/1759306844194140319;;;;;;
VR;Vision Pro Gamification della pulizia;https://x.com/MorningBrew/status/1753432605800780027;;;;;;
Criptovalute;Gli ETF Bitcoin misurati per volume e flussi dall'inizio sono gi√† il secondo ETF di materie prime pi√π grande dietro l'oro;https://research.ark-invest.com/e3t/Ctc/I1+113/c3nSf04/VWKdh52B3DztVbXwBM2Z1jMDW5BVC1m59Mx7wN2nfYy03qgyTW7Y8-PT6lZ3n2W33w8q68155SCW8f1QR77ywGwdW4DB2rs68RxgpN15Pfh3f2LFMW5hbdlX1J8xblW5_QxgZ7fn80vW91cTjC8-GdV3N78jhX7NQdFKW7BbwgB7kv8p9W926KXQ6BZmHbN7DgVNFFGtSNN8Mvwy76dZ9xW4SRF0d51Ct7zW8cJ96H4cR79CW1sXZ445tzC0lW2LhDbn4PTcv0W2lJRVw6Nyzp0W8LPT7F5D37KxW7ykCC75FXyTYW5q7xhl6lT0YwW5Rd3XC1BNVtVW3RfF3Z5PN3NtVJKZGk3v-0zHW12GSFD9gBmVqW8PD0gn3XC3GFN394gxQg5bkYf27D1W-04;;;;;;
Intelligenza Artificiale;Sora sembra essere un passo avanti per i modelli multimodali che si sono gi√† dimostrati utili nell'autonomia dei veicoli;https://research.ark-invest.com/e3t/Ctc/I1+113/c3nSf04/VWKdh52B3DztVbXwBM2Z1jMDW5BVC1m59Mx7wN2nfYyj3qgyTW8wLKSR6lZ3q2W6JtDg61sXXC1W8PqnFc5fvB07W61YNt13Jy4gtW1ydqcC4sqhBYW4wCDQb1mGBN9VvXlDN5dtKyRW6p1M1g5Rt6SsW155G1r90xXymW7wxxNv6yRkJ7W1tnjyz4fRx7FW7MWX7D6s_kPDW3fQVcV5FmgZFN4-S1DVYNLcNW2Y4Zj_1CnYLxN8D4vt6VjkBLW793GX01qDqG0W4330kc4Dj2R6W7Dy6CS6WrYygW98GxWg5Ggb-WW6vbgVp5gp-hRW99pMWk3kdRDvW3yKFWc6P02CwW5F1yB77_sBhVW2CNknD9lMs5pW6J94VS9df39nW3Hx3lY5f48sZVsw3S98h2dbrW6RKmg18ZKB5Kf6xyzMC04;;;;;;
Salute;I trapianti di organi sono molto pi√π economici dell'alternativa. In Canada la dialisi costa 60.000 dollari per paziente all'anno rispetto ai 23.000 dollari per il trapianto di rene pi√π 6.000 dollari all'anno per i farmaci a vita. Questo rappresenta un risparmio di 31.000 dollari nel primo anno e di 54.000 dollari negli anni successivi: circa 380.000 dollari in totale per paziente;https://academic.oup.com/jlb/article/5/2/398/5001540#120959670;;;;;;
Salute;Come rendere pi√π comuni le donazioni (organi e plasma)? Nudge e gli Stati Uniti sono un grande esportatore netto di plasma sanguigno rappresentando quasi il 70 percento dell'offerta globale - e un altro 20 percento proviene dalla Germania;https://worksinprogress.co/issue/compensating-compassion/;;;;;;
Medicina;Silklab ricercatore italiano trova nuove applicazioni per la seta. Vaxess sta testando un cerotto cutaneo ricoperto di decine di microaghi fatti di proteina di seta e infusi con vaccino antinfluenzale;https://worksinprogress.co/issue/the-future-of-silk/;;;;;;
Clima;Coprire di seta una banana per aumentarne la durata ricercatore Omenetto da Pavia;https://news.mit.edu/2020/mit-based-startup-cambridge-crops-wraps-food-in-silk-0605;;;;;;
Libro;"Pu√≤ essere molto doloroso eliminare passaggi pagine o addirittura capitoli che hanno richiesto settimane mesi forse anche anni per essere scritti. Tuttavia tale eliminazione disciplinata √® fondamentale per l'arte. Bisogna come ha detto Stephen King ""uccidere i propri cari uccidere i propri cari anche quando ci√≤ spezza il cuoricino egocentrico dello scribacchino uccidere i propri cari""";https://www.amazon.com/Writing-10th-Anniversary-Memoir-Craft/dp/1439156816;;;;;;
Societ√†;Modificare e rimuovere un esempio di architettura minimalista;https://lifeedited.com/;;;;;;
Spazio;La NASA cerca 4 volontari per trascorrere un intero anno in una missione simulata su Marte in un habitat stampato in 3D simile a una duna;https://chartr.us20.list-manage.com/track/click;;;;;;
Sport;Bella visualizzazione della prima maratona;https://www.lkk-store.com/lkk-map/a/stories/hong-kong-marathon/;;;;;;
Realt√† Aumentata;IA + VR la fine della civilt√† troppo coinvolgente vision pro + Sora;https://x.com/blader/status/1758334235889578392;;;;;;
Intelligenza Artificiale;Registrazione schermo per compito automatizzato con IA;https://x.com/DynamicWebPaige/status/1760537379369304309?s=20;;;;;;
Spazio;Aggiornamento sullo spazio;https://www.notboring.co/p/weekly-dose-of-optimism-82;;;;;;
Volo;Consegne annuali Airbus vs Boeing (circa 0.5k);https://www.airbus.com/en/newsroom/press-releases/2024-02-airbus-reports-full-year-fy-2023-results;;;;;;
Societ√†;Riduzione della povert√† in Cina;https://ourworldindata.org/grapher/share-of-population-in-extreme-poverty?tab=chart&country=China+%28rural%29~China+%28urban%29&utm_source=OWID+Newsletter&utm_campaign=c2d226a77b-biweekly-digest-2024-02-16&utm_medium=email&utm_term=0_2e166c1fc1-3875482ed3-%5BLIST_EMAIL_ID%5D;;;;;;
Alimentazione;Prezzo del cacao raggiunge circa 10.000‚Ç¨ a causa del clima secco;https://www.bbc.com/news/business-68248145;;;;;;
Alimentazione;Introduzione della carne-riso: il grano con muscoli aggiunti aumenta le proteine;https://www.nature.com/articles/d41586-024-00398-w?utm_source=substack&utm_medium=email;;;;;;
Tecnologia;ARK Big Ideas 2024 Riassunto;https://www.zdnet.com/article/15-big-ideas-that-will-revolutionize-industries-and-economies-led-by-ai/;;;;;;
Clima;Sostenibilit√† dell'aviazione: volare - Twelve utilizza una tecnica chiamata elettrolisi che usa l'elettricit√† per rielaborare l'anidride carbonica e l'acqua in vari prodotti. Quando l'elettricit√† √® generata da rinnovabili il processo √® essenzialmente a zero emissioni di carbonio. Il reattore elettrochimico CO2 dell'azienda ‚Äî chiamato OPUS ‚Äî sar√† al centro della sua prima fabbrica di produzione commerciale di SAF in costruzione a Moses Lake Washington che dovrebbe essere completata entro quest'anno. L'impianto funzioner√† con energia idroelettrica e utilizzer√† CO2 catturata da un vicino impianto di etanolo;;;;;;;
Clima;Percentuale di fotovoltaico per paese 2027 Cina 63%;;;;;;;
Scienza;Geologia religione e mistero: rocce in Virginia;https://www.themarginalian.org/2024/02/03/loren-eiseley-birds/?mc_cid=052403c5a0&mc_eid=d27999fecf;;;;;;
Medicina;Senza titolo;https://www.nature.com/articles/d41586-024-00305-3;;;;;;
Moda;Ferragamo NFT;https://www.vogue.com/article/have-a-free-nft-with-your-sneaker-salvatore-ferragamo-gets-web3-cool-in-soho-store;;;;;;
Realt√† Aumentata;Van Gogh nella vita reale;https://www.instagram.com/reel/C2yWH8xLA74/;;;;;;
Sport;Essere grandi e partecipare a un Ironman;https://x.com/Alan_Couzens/status/1755988483003584973;;;;;;
Robot;Aggiornamento sui robot di Openai 2024 wow;https://x.com/MatthewBerman/status/1756012434794688599;;;;;;
Sport;Lo sport perfetto per Alan Couzens √® lo sci alpinismo;https://x.com/Alan_Couzens/status/1756311287783473601;;;;;;
Intelligenza Artificiale;Dove potrebbero cadere i chip. Il produttore di chip cinese SMIC insieme a Huawei sta allestendo linee di produzione a Shanghai per sviluppare processori a 5nm dimostrando che l'industria dei semiconduttori della Cina sta facendo progressi nonostante le restrizioni internazionali;https://www.ft.com/content/b5e0dba3-689f-4d0e-88f6-673ff4452977;;;;;;
Clima;Grafico che mostra 1;5¬∞C sopra i livelli del 1980 FT;https://www.ft.com/content/8927424e-2828-4414-86b7-f3a991214288?utm_source=substack&utm_medium=email;;;;;
Mente e Benessere;Viviamo nel futuro e vogliamo raggiungerlo: il 40% del nostro tempo ‚Äúpresente;;;;;;;
Criptovalute;NFT Vino Italia Ferrari;https://www.tannina.it/nft-e-vino/;;;;;;
Mente;Fare cose difficili e la voce nella nostra testa che ci dice di rilassarci;https://www.sahilbloom.com/newsletter/the-most-important-fight-of-your-life;;;;;;
Mobilit√†;Declino dello scuolabus: per il Dipartimento dei Dati del WP Andrew Van Dam nota il declino dello scuolabus e l'ascesa del veicolo privato per portare i bambini a scuola. Le stime si basano sulle risposte al National Household Travel Survey condotto dalla Federal Highway Administration;https://www.washingtonpost.com/business/2024/02/02/school-bus-era-ends/;;;;;;
Intelligenza Artificiale;L'allucinazione dei LLM che costruisce ogni oggetto esistente (e inesistente);https://neal.fun/infinite-craft/;;;;;;
Realt√† Virtuale;Aumentare la risoluzione del video di 15 anni fa e ricreare la realt√†;https://x.com/blizaine/status/1755740068017234114;;;;;;
Tecnologia;Ark big ideas 2024;https://drive.google.com/file/d/1WpTbyCy2Nwww9GkdkGhDfs73q4zBOhya/view?usp=drivesdk;;;;;;
Alimentazione;Come sottolineato non solo l'obesit√† √® aumentata dal 2000 al 2008 ma √® aumentata pi√π velocemente tra il 2010 e il 2018. Perch√© l'ipotesi di McDonald's sia vera le persone dovrebbero iniziare a ingurgitare Chicken McNuggets a partire dal 1980;https://www.cdc.gov/nchs/products/databriefs/db360.htm;;;;;;
Metaverso;Midjourney nuovo dipendente precedentemente sviluppato Vision Pro presso Apple;https://x.com/DrJimFan/status/1754558101829881893;;;;;;
Intelligenza Artificiale;GPT su Tinder per farci avere figli;https://x.com/8teAPi/status/1754535819493405036;;;;;;
Criptovalute;Euro digitale basato sulla blockchain risultati sorprendenti. La privacy √® la preoccupazione principale per il 43% dei rispondenti rispetto al 18% che si preoccupa della sicurezza;https://www.ecb.europa.eu/press/pr/date/2021/html/ecb.pr210414~ca3013c852.en.html;;;;;;
Criptovalute;Promesse e sfide delle applicazioni cripto + IA blog di Vitalik;https://vitalik.eth.limo/general/2024/01/30/cryptoai.html;;;;;;
Realt√† Aumentata;Vision pro elementi di Blender;https://x.com/ammaar/status/1754711436193112554;;;;;;
Sport;Podcast di Huberman con David Goggins: Come costruire immensa forza interiore;https://www.youtube.com/watch;;;;;;
Sociale;Snap finanziario non va bene con ricavi molto pi√π bassi di Meta;https://s25.q4cdn.com/442043304/files/doc_financials/2023/q4/Snap-Inc-Q4-2023-Investor-Presentation-Final.pdf;;;;;;
Societ√†;San Valentino con Skyn profilattici e conversazione AI;https://youtu.be/GDjjWAEq9g4;;;;;;
Visualizzazione Dati;Cosa √® accettabile durante il lavoro da remoto?https://today.yougov.com/economy/articles/48553-behaviors-americans-say-are-acceptable-virtual-meetings-tv-eating-drinking-poll?utm_source=chartr&utm_medium=newsletter&utm_campaign=chartr_20240207;;;;;;;
Citazione;La cosa pi√π difficile da ammettere e realizzare con tutto il proprio essere √® che da soli non si controlla nulla. Essere in grado di mettersi in sintonia o in ritmo con le forze oltre che sono quelle veramente operative quella √® la sfida - e la soluzione se possiamo parlare di ‚Äúsoluzioni;https://themarginalian.us2.list-manage.com/track/click;;;;;;
Benessere;Il problema eterno dell'essere umano √® come strutturare le sue ore di veglia;https://themarginalian.us2.list-manage.com/track/click;;;;;;
Citazione;L'ego il falso s√© [√®] la radice di tutto il male che entra nella terra e distrugge la vita umana e con essa naturalmente la realt√† del tempo la realt√† della presenza vissuta. L'ego vive solo nel futuro e nel passato;;;;;;;
Tecnologia;EV reader Ludwig Siegele evidenzia la rinascita della scrittura collaborativa esemplificata dal romanzo Fourteen Days che ha avuto 34 contributi di autori;https://substack.com/redirect/27610c27-a703-426e-b0b7-8f3b26075e5f;;;;;;
Intelligenza Artificiale;Robot addestrato a leggere il braille a doppia velocit√† degli umani;https://www.sciencedaily.com/releases/2024/01/240129122413.htm;;;;;;
Realt√† Virtuale;Prime esperienze con Vision Pro;https://x.com/dr_cintas/status/1754213752499515568;;;;;;
Giochi;E. Coli gioca a DOOM: biologia computazionale;https://arstechnica.com/gaming/2024/01/can-it-run-doom-gut-bacteria-edition/;;;;;;
Da Leggere;Fluke;https://www.forkingpaths.co/p/introducingfluke-chance-chaos-and;;;;;;
Criptovalute;Read Write Own podcast di a16z e scrittura collaborativa;https://open.spotify.com/episode/76XhRMnvUPLmdDaZZVdDni;;;;;;
Salute;Primi impianti cerebrali di Elon Musk Neuralink;https://x.com/DeItaone/status/1752100692271964370;;;;;;
Salute;Primo forum internazionale sulla longevit√† in Italia Brian Johnson;https://longevity.technology/news/milan-to-host-italys-first-major-international-longevity-forum/;;;;;;
Clima;L'energia pulita va avanti attirando investimenti per 1;6 trilioni di dollari soprattutto in solare veicoli elettrici e batterie. Il settore ha rappresentato il 40% della crescita del PIL della Cina;https://www.carbonbrief.org/analysis-clean-energy-was-top-driver-of-chinas-economic-growth-in-2023/;;;;;
Clima;Il problema secondo i ricercatori dell'Universit√† della California Berkeley √® che i progetti spesso sovrastimano il loro reale beneficio sul carbonio di media nove volte;https://heatmap.news/climate/offsets-study-clean-stoves;;;;;;
Clima;"Nat Bullard ha appena pubblicato la sua presentazione annuale di 200 slide sulla decarbonizzazione. L'impressionante presentazione copre ""lo stato della decarbonizzazione raccontato con il clima";https://substack.com/redirect/3b849990-3060-4c29-8967-ecd0ec696d06;;;;;;
Intelligenza Artificiale;Chiamiamolo Googoogag.ai perch√© questo modello di AI √® stato addestrato da un bambino. Il modello addestrato con le registrazioni della telecamera montata sulla testa di un bambino ha imparato a riconoscere le parole associandole alle immagini. I risultati sfidano le credenze tradizionali sulla conoscenza innata del linguaggio;https://www.nature.com/articles/d41586-024-00288-1;;;;;;
Societ√†;La classe media sta scomparendo con conseguenze economiche e sociali significative;https://x.com/GameofTrades_/status/1763187365827268668;Come sta cambiando la struttura della classe media? Quali sono le cause della scomparsa della classe media?;#classemedia #societ√† #economia;;;;
Clima;Monitoraggio delle anomalie delle temperature dimostra cambiamenti climatici preoccupanti;https://x.com/ed_hawkins/status/1763146301401624893;Come vengono monitorate le anomalie di temperatura? Qual √® l'impatto dei cambiamenti climatici sulle temperature globali?;#cambiamenticlimatici #temperatura #ambiente;;;;
Societ√†;Cosa √® necessario per essere nell'1% pi√π ricco del mondo;https://x.com/MorningBrew/status/1762957212912112034;Come si qualifica per l'1% pi√π ricco del mondo? Quali sono le differenze economiche globali evidenziate dall'essere nell'1%?;#ricchezza #disuguaglianza #economia;;;;
Divertimento;Un viaggio stradale algoritmico per visitare una strada con il nome di ogni giorno dell'anno;https://flowingdata.com/2024/02/29/algorithmic-road-trip-to-visit-a-street-named-after-each-day-of-the-year/;Come pu√≤ un algoritmo pianificare un viaggio stradale basato sui nomi dei giorni? Qual √® l'unicit√† di un viaggio stradale algoritmico?;#viaggiostradale #algoritmi #divertimento;;;;
Clima;Valar utilizza la fissione nucleare per estrarre gas dall'aria;https://x.com/isaiah_p_taylor/status/1720418162985054350;Come pu√≤ la fissione nucleare contribuire alla riduzione delle emissioni? Quali sono le tecnologie emergenti per la cattura del carbonio?;#fissione #tecnologia #ambiente;;;;
Genetica;Modifica epigenetica riduce il colesterolo nei topi;https://substack.com/redirect/72bf8e95-cca7-4491-8bcd-85f81b5cc6ac;Come funziona l'editing epigenetico nel ridurre il colesterolo? Quali sono le potenziali applicazioni mediche dell'editing epigenetico?;#genetica #colesterolo #ricerca;;;;
Sport;L'impatto dell'et√† sulla massa muscolare e sulle prestazioni atletiche;https://x.com/hpfounder/status/1763536587281870858;Come l'et√† influisce sulla massa muscolare? Quali strategie possono aiutare a mantenere la forza con l'avanzare dell'et√†?;#sport #et√† #massamuscolare;;;;
Veicoli Elettrici;Nel 2022 il 14% delle nuove auto vendute erano elettriche con una stima del 20% per il 2023;https://ourworldindata.us8.list-manage.com/track/click;Qual √® la crescita delle vendite di auto elettriche? Come cambier√† il mercato dei veicoli elettrici nel prossimo futuro?;#veicolielettrici #sostenibilit√† #mobilit√†;;;;
Criptovalute;Approfondimento sugli ETF nel settore delle criptovalute;https://x.com/intangiblecoins/status/1762865996447035600;Cosa sono gli ETF e come stanno influenzando il mercato delle criptovalute? Quali sono i vantaggi e i rischi degli ETF cripto?;#criptovalute #ETF #investimenti;;;;
Clima;Record di emissioni di CO2 nel 2023 ma ci sono segnali di speranza;https://www.iea.org/reports/co2-emissions-in-2023;Quali sono le ultime tendenze delle emissioni di CO2? Esiste un cammino verso la riduzione delle emissioni di carbonio?;#emissioniCO2 #clima #sostenibilit√†;;;;
Blockchain;Idee all'avanguardia nel mondo della blockchain e della generazione di contenuti 3D;https://medium.com/@nvidiaomniverse/chatgpt-and-gpt-4-for-3d-content-generation-9cbe5d17ec15;Come sta evolvendo la tecnologia blockchain per la generazione di contenuti 3D? Quali sono le ultime innovazioni nel campo della blockchain?;#blockchain #3D #innovazione;;;;
Medicina;Nuovo sistema di rilevamento precoce per l'Alzheimer;https://substack.com/redirect/7c4a3a9b-c38d-4d44-bbfd-a45599e4fac6;Quali sono i progressi nel rilevamento precoce dell'Alzheimer? Come pu√≤ la tecnologia migliorare la diagnosi di Alzheimer?;#Alzheimer #medicina #innovazione;;;;
Cervello;Brainco in Cina utilizza l'EEG per monitorare l'attenzione degli studenti;https://focuscalm.com/products/focuscalm-eeg-headband;Come viene utilizzata la tecnologia EEG nel settore educativo in Cina? Quali sono le implicazioni etiche del monitoraggio dell'attenzione degli studenti?;#EEG #educazione #Cina;;;;
Clima;Integrazione di chicchi di riso con cellule animali per un sistema alimentare pi√π sostenibile;https://www.cell.com/matter/abstract/S2590-2385(24)00016-X;Come possono le cellule animali migliorare la sostenibilit√† del riso? Quali sono le prospettive future per il sistema alimentare sostenibile?;#sostenibilit√† #alimentazione #innovazione;;;;
üí°Ai;Studio mostra che prompt generati da AI superano quelli umani in originalit√† e efficacia;https://substack.com/redirect/a1c94168-03f8-4baf-9494-fdcadb1f676f;Come possono i prompt generati dall'intelligenza artificiale migliorare le performance di problem solving? Quali implicazioni hanno i risultati sorprendenti dei prompt AI sulla creativit√† e l'apprendimento automatico?;#intelligenzaartificiale #creativit√† #apprendimentoautomatico;;;;
üéµAi;Minacciare un modello di linguaggio con un biglietto per un concerto di Taylor Swift per migliorarne le prestazioni;https://substack.com/redirect/c0074a15-c28f-4c7e-ad97-427bd90c5504;Come influenzano le ricompense insolite il comportamento dei modelli di intelligenza artificiale? Quali sono le tecniche creative per ottimizzare le prestazioni dell'AI?;#AI #ottimizzazione #ricompense;;;;
üîçAi;Utilizzo di Claude per eseguire simulazioni di Monte Carlo;https://youtu.be/9b7bx423SWk;Come vengono applicate le simulazioni di Monte Carlo nei modelli di AI come Claude? Quali vantaggi offrono le simulazioni di Monte Carlo nell'ambito dell'intelligenza artificiale?;#AI #simulazioniMonteCarlo #Claude;;;;
üëÅÔ∏èAi;Confronto tra testo e visione nell'intelligenza artificiale;https://x.com/ylecun/status/1766498677751787723;Quali sono le differenze fondamentali tra l'elaborazione del testo e quella visiva nell'AI? Come possono queste differenze influenzare lo sviluppo futuro dell'intelligenza artificiale?;#intelligenzaartificiale #elaborazionetesto #visionecomputer;;;;
üèôÔ∏èSociet√†;Importanza della dimensione e della densit√† della popolazione nelle capacit√† innovative di una citt√†;https://substack.com/redirect/e9ca8876-d983-4be4-bc75-f5db6d13f0a4;Come influenzano dimensione e densit√† della popolazione l'innovazione nelle citt√†? Qual √® il ruolo della connettivit√† e delle reti interurbane nell'innovazione urbana?;#innovazione #citt√† #popolazione;;;;
ü§ñTech;Amazon acquista un impianto nucleare da 2.5 GW per alimentare il suo nuovo data center in Pennsylvania;https://substack.com/redirect/552f32aa-95fc-4ac8-be7f-01e60b954df4;In che modo l'IA potrebbe trasformare il processo di innovazione? Quali sono le implicazioni dell'avanzamento dell'IA e della robotica sulla creazione di prodotti?;#intelligenzaartificiale #innovazione #robotica;;;;
‚ò¢Ô∏èNucleare;Impatto degli schermi sulla comprensione e sulla societ√†;https://substack.com/redirect/8a8e6942-06b3-4f61-bb51-44571b1d5fba;Come contribuisce l'energia nucleare alla sostenibilit√† delle grandi aziende tecnologiche? Quali sono i benefici dell'utilizzo dell'energia nucleare per i data center?;#energianucleare #sostenibilit√† #tecnologia;;;;
üìöTech;Casi d'uso di Groq super veloci nell'AI;https://substack.com/redirect/ae8ee948-1a41-4e3c-935e-ec6d4501d495;Come influenzano gli schermi la nostra comprensione e interazione sociale? Quali sono le conseguenze a lungo termine dell'uso eccessivo di dispositivi digitali?;#tecnologia #comprensione #societ√†;;;;
üöÄAi;Brain Talker un chip interfaccia cervello-computer ottimizzato per la lettura del loop fonologico emisferico sinistro;https://ci3.googleusercontent.com/meips/ADKq_NamwB97uFGxI2qMPIoN7W0eY2QBI8r9ESbMg-gwgIcjT09oYuXOfuOvZxAWT0AgLBlYhngZCB6cPFeCDPcq2Wb2oF-Wn7l8iX4EmUq0yFmfGPLKAFO6fEnZ_LQzajsaEIMHqiZAvCVrxlrbUF_fh1g2LC7Sequoi-XCKns0bzWjC72NEhL0cBvsJkdmGB5ltKZ24n3kyRsN2AJr3CzvKozm7bbyfin0Hi-MiRjksSWkUDSwHhviyvjCoQ8GRysJNnNJLhCgpYYwozdnVgjLaFjqA1A2ucCwMkiWQpfbD6qh_JuAz0JaD34wJQ=s0-d-e1-ft#https://substackcdn.com/image/fetch/w_1754;c_limit;f_auto;q_auto:good;fl_progressive:steep/https%3A%2F%2Fsubstack-post-media.s3.amazonaws.com%2Fpublic%2Fimages%2F1a4c2b1a-023c-4540-b0bb-b2ca516cd263_877x1093.png;Come sta accelerando Groq l'elaborazione nell'intelligenza artificiale? Quali sono le potenzialit√† dei casi d'uso super veloci di Groq?;#AI #elaborazionesuperVeloce #Groq
üß†Tech;Le emissioni di CO2 nel Regno Unito nel 2023 sono diminuite ai livelli pi√π bassi dal 1879;https://x.com/BrianRoemmele/status/1136275884422287361;Quali sono i progressi nelle interfacce cervello-computer? Come pu√≤ il chip Brain Talker migliorare la comunicazione tra cervello e macchina?;#interfacciacervellocomputer #neurotecnologia #BrainTalker;;;;
üåçClima;Analisi dell'economia di Bitcoin e delle sue implicazioni;https://x.com/DrSimEvans/status/1767222825700425863;Come ha fatto il Regno Unito a ridurre le sue emissioni di CO2? Quali settori contribuiscono maggiormente alle emissioni nel Regno Unito?;#emissioniCO2 #RegnoUnito #sostenibilit√†;;;;
üí∞Crypto;Note su manipolazione cerebrale da Telmo Pievani;https://x.com/WClementeIII/status/1768042623091032415;Come influisce Bitcoin sull'economia globale? Quali sono le prospettive future per Bitcoin e le criptovalute?;#Bitcoin #economia #criptovalute;;;;
üß†Brain;Giappone registra un nuovo minimo storico di nascite nel 2023 nonostante gli sforzi del primo ministro;corriere.it;Come si pu√≤ influenzare il cervello umano? Quali sono le ultime ricerche sulla manipolazione cerebrale?;#cervello #manipolazione #ricerca;;;;
üáØüáµSociet√†;Artista di Tokyo crea animazioni con carta in movimento;https://chartr.us20.list-manage.com/track/click;Come sta affrontando il Giappone il calo delle nascite? Quali strategie potrebbero invertire la tendenza demografica giapponese?;#Giappone #natalit√† #demografia;;;;
üé®Arte;Fluke di Klaas esplora il ruolo del caso e della complessit√† nel mondo;https://www.itsnicethat.com/articles/shotaro-kitada-animation-discover-190224;Come pu√≤ l'arte tradizionale incontrare le tecniche moderne? Quali sono le nuove frontiere dell'animazione con la carta?;#arte #animazione #innovazione;;;;
üìñLibro;Classifica delle migliori 100 squadre di calcio del mondo;https://luxcapital.us13.list-manage.com/track/click;"Come il caso influisce sulle dinamiche mondiali? Qual √® l'importanza della dipendenza dal cammino e del sistema complesso secondo ""Fluke""?";#libro #caso #complessit√†;;;;
‚öΩSport;Un libro esplora il ruolo dei minerali nella tecnologia e nella societ√†;https://x.com/MorningBrew/status/1761422231240950180;Come vengono classificate le squadre di calcio nel mondo? Quali fattori determinano la posizione di una squadra nella classifica mondiale?;#calcio #classifica #sport;;;;
üìòTech;Inflazione del prezzo del KWH di energia;https://x.com/APompliano/status/1761404869674487810;Come influenzano i minerali il progresso tecnologico? Qual √® l'importanza dei minerali nella nostra vita quotidiana e nell'economia globale?;#minerali #tecnologia #societ√†;;;;
üí°Money;Consigli di Hermann Hesse sulla ricerca della pace interiore;https://x.com/beaglebrigade/status/1761335116410835250;Come l'inflazione influisce sul costo dell'energia? Quali sono le prospettive future per i prezzi dell'energia?;#inflazione #energia #economia;;;;
üìöWellbeing;Fisher esplora le dimensioni poetiche dell'umano attraverso fotomicrografie;https://themarginalian.us2.list-manage.com/track/click;Come trovare la pace interiore secondo Hermann Hesse? Quali passi suggerisce Hesse per una vita pi√π piena e soddisfacente?;#benessere #paceinteriore #Hesse;;;;
üé®Arte;Progressi nei robot promettono grandi cambiamenti;https://www.amazon.it/dp/1942658281;Come l'arte pu√≤ esplorare le dimensioni immateriali del comportamento umano? Qual √® il ruolo delle tecnologie scientifiche nell'arte contemporanea?;#arte #scienza #umanit√†;;;;
üîßTech;Gemini di Google corregge errori filmando;https://x.com/APompliano/status/1762204366381936776;Come stanno evolvendo i robot? Quali sono le potenzialit√† future dei robot nella societ√† e nell'industria?;#robot #tecnologia #futuro;;;;
üíªAi;Carte magiche generate da AI;https://x.com/mckaywrigley/status/1762175776726663267;Come l'AI di Google Gemini aiuta a correggere errori attraverso la registrazione video? Quali sono le applicazioni pratiche di Gemini nel miglioramento dei modelli di AI?;#AI #Gemini #Google;;;;
üéÆGames;Studio su Twitter e ansia pubblicato su Nature;https://x.com/emollick/status/1762480392513147003;Come l'intelligenza artificiale pu√≤ creare carte da gioco magiche? Quali sono i vantaggi dell'utilizzo dell'AI nella creazione di contenuti ludici?;#giochi #AI #creativit√†;;;;
üßòWellbeing;Sensore di ossigeno muscolare venduto da Moxy per 800 dollari;https://x.com/emollick/status/1762567635873440173;Come i social media influenzano la salute mentale? Quali sono i risultati dello studio su Twitter e l'ansia?;#benessere #socialmedia #ansia;;;;
‚öΩSport;Statistiche di qualificazione alla Maratona di Boston;https://www.moxymonitor.com/;Come pu√≤ un sensore migliorare l'allenamento atletico? Quali tecnologie supportano gli atleti nel monitorare l'ossigenazione muscolare?;#sport #tecnologia #benessere;;;;
üèÉSport;Starship e Alibaba sviluppano soluzioni di consegna autonome nei campus universitari;https://x.com/Outside_Run/status/1757057072418467905;Come si qualificano gli atleti per la Maratona di Boston? Quali sono le statistiche e i tempi necessari per partecipare?;#maratona #Boston #sport;;;;
ü§ñRobot;Pubblicit√† della Pfizer al Super Bowl contro il cancro;https://research.ark-invest.com/token-extensions-on-the-solana-blockchain-are-unleashing-opportunities-for-developers-and-more;Come stanno evolvendo le soluzioni di consegna autonome? Quali sono i vantaggi delle consegne autonome nei campus universitari?;#robotica #innovazione #consegna;;;;
üèàScienza;Google annuncia Gemini 1.5 un modello di lingua con un contesto di 1 milione di token;https://www.youtube.com/watch;Qual √® il messaggio della pubblicit√† della Pfizer al Super Bowl? Come la Pfizer utilizza eventi di grande visibilit√† per sensibilizzare sul cancro?;#salute #pubblicit√† #SuperBowl;;;;
üß†Ai;Sora di OpenAI impara le leggi fisiche del nostro mondo con simulazioni text-2-video;https://x.com/DrJimFan/status/1758275649373151671;Come Gemini 1.5 migliora le capacit√† dell'intelligenza artificiale? Quali sono le novit√† introdotte da Google con Gemini 1.5?;#AI #Google #innovazione;;;;
üåçAi;Nature Kamasutra: un approccio creativo per promuovere la sostenibilit√†;https://x.com/DrJimFan/status/1758355680321519933;Come l'intelligenza artificiale pu√≤ apprendere le leggi fisiche del mondo? Quali sono le applicazioni di Sora nel campo dell'AI?;#AI #apprendimento #fisica;;;;
üå±Climate;Alzare la parte anteriore dell'auto di 10 centimetri aumenta del 22% la probabilit√† di uccidere un pedone;https://www.itsnicethat.com/news/glimpse-purpose-disruptors-agency-for-nature-advertising-140224;Come si pu√≤ utilizzare la creativit√† per promuovere la sostenibilit√†? Qual √® l'obiettivo della campagna Nature Kamasutra?;#sostenibilit√† #creativit√† #natura;;;;
üöóMobility;Refik Anadol crea installazioni pubbliche su larga scala che esplorano l'intelligenza artificiale e la sostenibilit√†;https://www.sciencedirect.com/science/article/pii/S2212012224000017;Qual √® l'impatto dell'altezza dell'auto sulla sicurezza dei pedoni? Come ridurre il rischio di incidenti mortali per i pedoni?;#sicurezza #auto #pedoni;;;;
üé®Climate;Ultimi sviluppi nel campo del DNA condivisi da Elliot Hershberg;https://www.serpentinegalleries.org/whats-on/refik-anadol-echoes-of-the-earth-living-archive/;Come l'arte pu√≤ sensibilizzare sul tema della sostenibilit√†? Quali tecniche utilizza Refik Anadol nelle sue opere?;#arte #AI #sostenibilit√†;;;;
üß¨Salute;Vision Pro trasforma la pulizia in un gioco grazie alla gamification;https://x.com/ElliotHershberg/status/1759306844194140319;Quali sono gli ultimi progressi nella ricerca sul DNA? Come influenzano questi sviluppi la medicina personalizzata?;#DNA #ricerca #medicina;;;;
üéÆVR;L'ETF su Bitcoin segna il secondo ETF su commodity pi√π grande per volume e flussi dall'inizio;https://x.com/MorningBrew/status/1753432605800780027;Come la gamification pu√≤ rendere divertenti le attivit√† quotidiane? Quali applicazioni innovative offre Vision Pro nel campo della realt√† virtuale?;#VR #gamification #innovazione;;;;
üí∞Crypto;Sora di OpenAI rappresenta un avanzamento significativo per i modelli multimodali dimostrandosi utile anche nella guida autonoma;https://research.ark-invest.com/e3t/Ctc/I1+113/c3nSf04/VWKdh52B3DztVbXwBM2Z1jMDW5BVC1m59Mx7wN2nfYy03qgyTW7Y8-PT6lZ3n2W33w8q68155SCW8f1QR77ywGwdW4DB2rs68RxgpN15Pfh3f2LFMW5hbdlX1J8xblW5_QxgZ7fn80vW91cTjC8-GdV3N78jhX7NQdFKW7BbwgB7kv8p9W926KXQ6BZmHbN7DgVNFFGtSNN8Mvwy76dZ9xW4SRF0d51Ct7zW8cJ96H4cR79CW1sXZ445tzC0lW2LhDbn4PTcv0W2lJRVw6Nyzp0W8LPT7F5D37KxW7ykCC75FXyTYW5q7xhl6lT0YwW5Rd3XC1BNVtVW3RfF3Z5PN3NtVJKZGk3v-0zHW12GSFD9gBmVqW8PD0gn3XC3GFN394gxQg5bkYf27D1W-04;Come stanno cambiando gli ETF nel mercato delle criptovalute? Quali sono i principali vantaggi degli ETF su Bitcoin per gli investitori?;#ETF #Bitcoin #investimenti;;;;
üß†Ai;I trapianti d'organo risultano molto pi√π economici rispetto alle alternative come dimostrato in Canada con il confronto tra dialisi e trapianto di rene;https://research.ark-invest.com/e3t/Ctc/I1+113/c3nSf04/VWKdh52B3DztVbXwBM2Z1jMDW5BVC1m59Mx7wN2nfYyj3qgyTW8wLKSR6lZ3q2W6JtDg61sXXC1W8PqnFc5fvB07W61YNt13Jy4gtW1ydqcC4sqhBYW4wCDQb1mGBN9VvXlDN5dtKyRW6p1M1g5Rt6SsW155G1r90xXymW7wxxNv6yRkJ7W1tnjyz4fRx7FW7MWX7D6s_kPDW3fQVcV5FmgZFN4-S1DVYNLcNW2Y4Zj_1CnYLxN8D4vt6VjkBLW793GX01qDqG0W4330kc4Dj2R6W7Dy6CS6WrYygW98GxWg5Ggb-WW6vbgVp5gp-hRW99pMWk3kdRDvW3yKFWc6P02CwW5F1yB77_sBhVW2CNknD9lMs5pW6J94VS9df39nW3Hx3lY5f48sZVsw3S98h2dbrW6RKmg18ZKB5Kf6xyzMC04;In che modo Sora migliora le capacit√† dei modelli AI multimodali? Quali impatti hanno i modelli multimodali come Sora sulla guida autonoma?;#AI #modellimultimodali #guidaautonoma;;;;
üíâSalute;Come rendere pi√π comuni le donazioni di organi e plasma? L'approccio degli USA al commercio di plasma sanguigno;https://academic.oup.com/jlb/article/5/2/398/5001540#120959670;Come i trapianti d'organo possono ridurre i costi sanitari? Qual √® il confronto tra i costi della dialisi e quelli del trapianto di rene in Canada?;#trapianti #economiasanitaria #dialisi;;;;
üíâSalute;Ricercatore italiano scopre nuove applicazioni della seta testando un cerotto a microneedles infuso con vaccino antinfluenzale;https://worksinprogress.co/issue/compensating-compassion/;Quali strategie possono aumentare le donazioni di organi e plasma? In che modo gli USA si posizionano come esportatori netti di plasma sanguigno?;#donazioneorgani #plasma #salute;;;;
üî¨Medicina;Utilizzo della seta per aumentare la durata di conservazione delle banane un progetto di ricerca guidato da un ricercatore di Pavia;https://worksinprogress.co/issue/the-future-of-silk/;Quali sono le nuove applicazioni della seta nella medicina? Come funziona il cerotto a microneedles infuso con vaccino antinfluenzale?;#medicina #innovazione #seta;;;;
üçåClima;Il processo doloroso ma necessario di eliminazione durante la scrittura come sottolineato da Stephen King;https://news.mit.edu/2020/mit-based-startup-cambridge-crops-wraps-food-in-silk-0605;Come la seta pu√≤ contribuire alla conservazione degli alimenti? Quali sono i benefici dell'utilizzo della seta nella conservazione delle banane?;#sostenibilit√† #alimentazione #innovazione;;;;
üìñLibri;Un esempio di architettura minimalista nel progetto LifeEdited che enfatizza la rimozione e la modifica;https://www.amazon.com/Writing-10th-Anniversary-Memoir-Craft/dp/1439156816;Come affrontare l'eliminazione di parti del proprio lavoro nella scrittura? Quali consigli offre Stephen King agli scrittori?;#scrittura #creativit√† #consigli;;;;
üè°Societ√†;NASA cerca volontari per una missione simulata su Marte della durata di un anno in un habitat stampato in 3D;https://lifeedited.com/;Come l'architettura minimalista pu√≤ migliorare la qualit√† della vita? Quali sono i principi del progetto LifeEdited?;#architettura #minimalismo #design;;;;
üöÄSpazio;Visualizzazione grafica della prima maratona offerta dal negozio LKK;https://chartr.us20.list-manage.com/track/click;Quali sono le caratteristiche della missione simulata su Marte della NASA? Come si pu√≤ partecipare alla missione simulata su Marte della NASA?;#NASA #spazio #Marte;;;;
üèÉSport;L'intelligenza artificiale e la realt√† virtuale potrebbero segnare la fine della civilt√† come la conosciamo con Vision Pro e Sora che rendono le esperienze troppo coinvolgenti;https://www.lkk-store.com/lkk-map/a/stories/hong-kong-marathon/;Come si svolge la prima maratona? Quali sono le mappe e le visualizzazioni disponibili per la prima maratona?;#maratona #sport #visualizzazione;;;;
üï∂AR;Un'innovazione nel campo dell'IA permette di trasformare le registrazioni dello schermo in attivit√† automatizzate;https://x.com/blader/status/1758334235889578392;Come l'IA e la VR possono cambiare radicalmente il nostro modo di vivere? Quali sono le implicazioni etiche dell'uso estensivo di tecnologie immersive?;#intelligenzaartificiale #realt√†virtuale #etica;;;;
üíªAi;Aggiornamenti sullo spazio e le sue esplorazioni offrono una nuova prospettiva sull'ottimismo e il futuro dell'umanit√†;https://x.com/DynamicWebPaige/status/1760537379369304309?s=20;Come l'IA pu√≤ automatizzare le attivit√† basate su registrazioni dello schermo? Quali progressi recenti sono stati fatti nell'automazione grazie all'IA?;#automazione #tecnologia #intelligenzaartificiale;;;;
üååSpazio;Confronto annuale tra le consegne di Airbus e Boeing con circa 500 consegne all'anno per ciascuno;https://www.notboring.co/p/weekly-dose-of-optimism-82;Quali sono le ultime novit√† nell'esplorazione spaziale? Come l'esplorazione dello spazio contribuisce all'ottimismo riguardo al futuro dell'umanit√†?;#spazio #esplorazione #futuro;;;;
‚úàÔ∏èVolo;La Cina ha ridotto significativamente la povert√† come mostrato dai dati sulla quota di popolazione in povert√† estrema;https://www.airbus.com/en/newsroom/press-releases/2024-02-airbus-reports-full-year-fy-2023-results;Come si confrontano Airbus e Boeing in termini di consegne annuali? Qual √® l'impatto delle consegne di aerei sul settore dell'aviazione?;#aerei #Airbus #Boeing;;;;
üåèSociet√†;Il prezzo del cacao raggiunge circa 10.000‚Ç¨ a causa del clima secco influenzando il mercato globale;https://ourworldindata.org/grapher/share-of-population-in-extreme-poverty?tab=chart&country=China+%28rural%29~China+%28urban%29&utm_source=OWID+Newsletter&utm_campaign=c2d226a77b-biweekly-digest-2024-02-16&utm_medium=email&utm_term=0_2e166c1fc1-3875482ed3-%5BLIST_EMAIL_ID%5D;Come la Cina ha affrontato la questione della povert√† negli ultimi anni? Quali sono stati i progressi della Cina nella riduzione della povert√† estrema?;#Cina #povert√† #sviluppo;;;;
üç´Alimentazione;"Introduzione del ""riso-carne"": un alimento coltivato in laboratorio che combina riso e carne per un'opzione proteica sostenibile";https://www.bbc.com/news/business-68248145;Come il clima secco influisce sul prezzo del cacao? Quali sono le ripercussioni del cambiamento climatico sul mercato del cacao?;#cacao #clima #economia;;;;
ü•©Alimentazione;"Le ""Grandi Idee"" del 2024 di ARK Invest riassumono le innovazioni che rivoluzioneranno industrie ed economie guidate dall'intelligenza artificiale";https://www.nature.com/articles/d41586-024-00398-w?utm_source=substack&utm_medium=email;"Come pu√≤ il ""riso-carne"" contribuire a un sistema alimentare sostenibile? Quali sono i vantaggi dell'alimentazione coltivata in laboratorio rispetto a quella tradizionale?";#alimentazione #sostenibilit√† #innovazione;;;;
üí°Tecnologia;L'aviazione sostenibile fa progressi con tecniche innovative per produrre combustibili a basso impatto carbonico;https://www.zdnet.com/article/15-big-ideas-that-will-revolutionize-industries-and-economies-led-by-ai/;Quali sono le grandi idee che potrebbero rivoluzionare il nostro futuro secondo ARK Invest? Come l'intelligenza artificiale guida l'innovazione in vari settori?;#innovazione #intelligenzaartificiale #futuro;;;;
‚òÅÔ∏èClima;La Cina detiene il 63% della quota di fotovoltaico prevista per il 2027 dimostrando il suo impegno verso l'energia rinnovabile;https://www.sciencedirect.com/science/article/pii/S2212012224000017;Come l'aviazione pu√≤ diventare pi√π sostenibile? Quali sono le nuove tecnologie per la produzione di combustibile per aerei a basso impatto carbonico?;#aviazione #sostenibilit√† #innovazione;;;;
‚òÄÔ∏èClima;Storie di geologia religione e mistero si intrecciano nelle rocce della Virginia esplorando la profondit√† della curiosit√† umana;https://www.ft.com/content/8927424e-2828-4414-86b7-f3a991214288?utm_source=substack&utm_medium=email;Qual √® il ruolo della Cina nello sviluppo dell'energia fotovoltaica? Come l'impegno della Cina verso il fotovoltaico influisce sulle proiezioni globali per il 2027?;#Cina #energiarinnovabile #fotovoltaico;;;;
üîçScienza;Un articolo senza titolo esplora nuovi orizzonti nel campo della medicina evidenziando l'importanza della ricerca continua;https://www.themarginalian.org/2024/02/03/loren-eiseley-birds/?mc_cid=052403c5a0&mc_eid=d27999fecf;Come la geologia e la religione si intrecciano nel mistero delle rocce della Virginia? Quali lezioni possiamo imparare dall'esplorazione della natura e della storia umana attraverso la geologia?;#geologia #religione #mistero;;;;
üî¨Medicina;Ferragamo lancia NFT gratuiti con l'acquisto di sneakers abbracciando la tendenza Web3 nel mondo della moda;https://www.nature.com/articles/d41586-024-00305-3;Quali sono le ultime scoperte nel campo della medicina? Come la ricerca medica continua a spingere i confini della conoscenza?;#medicina #ricerca #innovazione;;;;
üëüModa;L'arte di Van Gogh prende vita nel mondo reale attraverso l'uso dell'AR offrendo un'esperienza immersiva unica;https://www.vogue.com/article/have-a-free-nft-with-your-sneaker-salvatore-ferragamo-gets-web3-cool-in-soho-store;Come Ferragamo sta integrando la tecnologia NFT nel mondo della moda? Quali sono le implicazioni degli NFT per il futuro della moda e del lusso?;#moda #NFT #innovazione;;;;
üñºÔ∏èAR;Il percorso verso l'Ironman per le persone di statura grande un viaggio di sfide e superamento;https://www.instagram.com/reel/C2yWH8xLA74/;Come l'AR sta trasformando l'esperienza dell'arte? Quali sono gli esempi pi√π innovativi di arte amplificata dalla realt√† aumentata?;#arte #realtaaumentata #innovazione;;;;
üèäSport;Aggiornamento impressionante sui robot di OpenAI nel 2024 mostrando avanzamenti significativi nell'autonomia e nelle capacit√†;https://x.com/Alan_Couzens/status/1755988483003584973;Come le persone di statura grande possono prepararsi per l'Ironman? Quali sono le principali sfide nel percorso verso l'Ironman per atleti pi√π grandi?;#Ironman #sport #sfida;;;;
ü§ñRobot;Lo sci alpinismo si rivela lo sport ideale per Alan Couzens combinando sfida fisica e connessione con la natura;https://x.com/MatthewBerman/status/1756012434794688599;Quali sono gli ultimi sviluppi nei robot di OpenAI? Come l'avanzamento della robotica sta cambiando le possibilit√† future?;#robotica #OpenAI #innovazione;;;;
‚õ∑Ô∏èSport;Non specificato;https://x.com/Alan_Couzens/status/1756311287783473601;Perch√© lo sci alpinismo √®;;;;;
Medicine;Van Gogh in real life;https://www.nature.com/articles/d41586-024-00305-3;Quali sono gli argomenti trattati nell'articolo? Quali sono le implicazioni mediche?;Medicina ricerca sviluppo;;;;
Fashion;Aggiornamento robot Openai 2024 wow;https://www.vogue.com/article/have-a-free-nft-with-your-sneaker-salvatore-ferragamo-gets-web3-cool-in-soho-store;Cosa rappresenta l'iniziativa di Ferragamo con gli NFT? Quali sono le implicazioni della moda nell'era digitale?;Moda NFT digitale;;;;
AR;Lo sport perfetto per Alan Couzens √® lo sci fuoripista;https://www.instagram.com/reel/C2yWH8xLA74/;In che modo l'AR porta Van Gogh alla vita? Quali sono i vantaggi dell'AR nella fruizione artistica?;AR realt√† aumentata arte;;;;
Sport;Dove potrebbero andare le chips. L'azienda cinese SMIC con Huawei sta sviluppando linee di produzione a Shanghai per sviluppare processori da 5nm il che dimostra che l'industria cinese dei semiconduttori sta progredendo nonostante le restrizioni internazionali.;https://x.com/Alan_Couzens/status/1755988483003584973;Cosa rappresenta la sfida dell'Ironman? Quali sono i benefici dell'attivit√† fisica intensa?;Ironman fitness sfida;;;;
Robots;Grafico che mostra +1;https://x.com/MatthewBerman/status/1756012434794688599;Cosa indica l'aggiornamento dei robot di OpenAI? Quali sono le potenzialit√† della robotica avanzata?;Robotica Intelligenza Artificiale OpenAI;;;;
Sport;"Viviamo nel futuro e vogliamo raggiungerlo il 40% del nostro tempo ""presente";https://x.com/Alan_Couzens/status/1756311287783473601;Cosa rende lo sci fuoripista lo sport perfetto per Alan Couzens? Quali sono i benefici dello sci fuoripista?;Sci fitness sport estremo;;;;
AI;Affrontare le cose difficili e la voce nella nostra testa che ci dice di rilassarci;https://www.ft.com/content/b5e0dba3-689f-4d0e-88f6-673ff4452977;Cosa indica lo sviluppo della produzione di chip in Cina? Quali sono le implicazioni geopolitiche dell'autosufficienza nella produzione di chip?;AI chips produzione;;;;
Climate;Declino dell'autobus scolastico Per il Dipartimento dei Dati di WP Andrew Van Dam segnala il declino dell'autobus scolastico e l'aumento del veicolo privato per portare i bambini a scuola. Le stime si basano sulle risposte al National Household Travel Survey condotto dalla Federal Highway Administration.;5¬∞C rispetto ai livelli del 1980 FT;https://www.ft.com/content/8927424e-2828-4414-86b7-f3a991214288?utm_source=substack&utm_medium=email;Qual √® l'andamento delle temperature rispetto al 1980? Quali sono le implicazioni del riscaldamento globale?;Cambiamenti climatici riscaldamento globale temperature;;;
MindWellbeing;Scaling del video di 15 anni fa e ricreazione della realt√†;Non specificato;Cosa indica la tendenza di trascorrere meno tempo nel momento presente? Quali sono le implicazioni per il benessere mentale?;Benessere mentale mindfulness presente;;;;
Crypto;Come hai indicato non solo l'obesit√† √® aumentata dal 2000 al 2008 ma √® aumentata pi√π rapidamente tra il 2010 e il 2018. Perch√© l'ipotesi McDonald's sia vera le persone dovrebbero iniziare a divorare i chicken McNuggets a partire dal 1980;https://www.tannina.it/nft-e-vino/;Qual √® la connessione tra NFT vino e Ferrari? Quali sono le nuove frontiere della collezionabilit√† digitale?;NFT vino Ferrari collezionismo digitale;;;;
Mind;Il nuovo dipendente di Midjourney precedentemente sviluppava Vision Pro presso Apple;https://www.sahilbloom.com/newsletter/the-most-important-fight-of-your-life;Come affrontare le sfide della vita? Quali sono le tecniche per gestire la pressione mentale?;Mentalit√† resilienza pressione;;;;
Mobility;GPT su Tinder cos√¨ facciamo figli;https://www.washingtonpost.com/business/2024/02/02/school-bus-era-ends/;Quali sono le tendenze nel trasporto scolastico? Quali sono le implicazioni sociali e ambientali del declino dell'autobus scolastico?;Mobilit√† trasporto scuola ambiente;;;;
AI;Il digital Euro basato sulla blockchain i risultati sono stati piuttosto sorprendenti. Di gran lunga la maggiore preoccupazione era la privacy. Il 43% dei rispondenti ha detto che era cruciale per loro rispetto al 18% che si preoccupava del secondo aspetto pi√π importante la sicurezza. Questo significa che pi√π del doppio delle persone √® preoccupato che gli ufficiali possano vedere le loro transazioni rispetto a coloro che temono di poter effettivamente perdere denaro.;https://neal.fun/infinite-craft/;Cosa rappresenta l'allucinazione dei LLM? Quali sono le implicazioni dell'IA nella creativit√†?;Intelligenza Artificiale creativit√† modellazione;;;;
VR;La promessa e le sfide delle applicazioni crypto + AI Vitalik blog;https://x.com/blizaine/status/1755740068017234114;Come viene eseguito lo scaling dei video da 15 anni fa? Quali sono le applicazioni della realt√† virtuale nella ri-creazione storica?;VR realt√† virtuale video;;;;
Tech;Podcast Huberman David Goggins: Come costruire una forza interiore immensa;https://drive.google.com/file/d/1WpTbyCy2Nwww9GkdkGhDfs73q4zBOhya/view?usp=drivesdk;Quali sono le idee chiave discusse nel documento? Quali sono le prospettive future delle tecnologie emergenti?;ARK tecnologie futuro;;;;
Food;La situazione finanziaria di Snap non √® buona con un fatturato molto inferiore rispetto a Meta;https://www.cdc.gov/nchs/products/databriefs/db360.htm;Come si √® evoluta l'obesit√† negli ultimi decenni? Quali sono i fattori che contribuiscono all'obesit√† nella societ√† moderna?;Obesit√† alimentazione fast-food;;;;
Metaverse;Il preservativo San Valentino Skyn AI ha una conversazione;https://x.com/DrJimFan/status/1754558101829881893;Cosa indica l'assunzione del nuovo dipendente da parte di Midjourney? Quali sono le implicazioni della sua precedente esperienza lavorativa?;Metaverso sviluppo esperienza lavorativa;;;;
AI;Cosa √® accettabile durante il lavoro intelligente?;https://x.com/8teAPi/status/1754535819493405036;Cosa implica l'uso di GPT su Tinder? Quali sono le potenziali implicazioni dell'IA nelle relazioni interpersonali?;Intelligenza Artificiale relazioni interpersonali Tinder;;;;
Crypto;"La cosa pi√π difficile da ammettere e realizzare con tutto il proprio essere √® che tu da solo non controlli niente. Essere in grado di mettersi in sintonia o ritmo con le forze oltre che sono quelle veramente operative √® questo il compito e la soluzione se possiamo parlare di ""soluzioni"".";https://www.ecb.europa.eu/press/pr/date/2021/html/ecb.pr210414~ca3013c852.en.html;Cosa indica la preoccupazione principale per il digital Euro? Quali sono le implicazioni della privacy nella moneta digitale?;Criptovalute Euro blockchain privacy;;;;
Crypto;L'ego il falso s√© [√®] la radice di tutto il male che entra sulla terra e distrugge la vita umana e con essa naturalmente la realt√† del tempo la realt√† della presenza vissuta. L'ego vive solo nel futuro e nel passato;https://vitalik.eth.limo/general/2024/01/30/cryptoai.html;Quali sono le sfide e le opportunit√† nell'integrazione di crypto e AI? Quali sono le visioni future per queste tecnologie?;Criptovalute Intelligenza Artificiale blockchain;;;;
AR;Lettore EV Ludwig Siegele evidenzia il ritorno della scrittura collaborativa esemplificata dal romanzo Fourteen Days che ha avuto 34 contributi degli autori;https://x.com/ammaar/status/1754711436193112554;Cosa indica la menzione degli elementi di Blender in Vision Pro? Quali sono le applicazioni dell'AR nella modellazione 3D?;AR realt√† aumentata modellazione 3D;;;;
Sport;Robot addestrato a leggere il braille al doppio della velocit√† degli esseri umani;https://www.youtube.com/watch;Cosa tratta il podcast di Huberman su David Goggins? Quali sono i principi fondamentali per sviluppare la forza mentale?;Podcast sport forza mentale;;;;
Social;Esempi iniziali di Vision Pro;https://s25.q4cdn.com/442043304/files/doc_financials/2023/q4/Snap-Inc-Q4-2023-Investor-Presentation-Final.pdf;Cosa indica la situazione finanziaria di Snap rispetto a Meta? Quali sono le sfide per i social media nell'era digitale?;Snap Meta social media;;;;
Society;E Coli per giocare a DOOM biologia computazionale;https://youtu.be/GDjjWAEq9g4;Come funziona il preservativo Skyn AI di San Valentino? Quali sono le innovazioni nella profilassi sessuale?;San Valentino Skyn preservativo profilassi sessuale;;;;
;;;;;;;;
;;;;;;;;
;;;;;;;;
;;;;;;;;
;;;;;;;;
;;;;;;;;
;;;;;;;;
;;;;;;;;
;;;;;;;;
;;;;;;;;
;;;;;;;;
;;;;;;;;
;;;;;;;;
;;;;;;;;
;;;;;;;;
;;;;;;;;
;;;;;;;;
;;;;;;;;
;;;;;;;;
;;;;;;;;
;;;;;;;;
;;;;;;;;
;;;;;;;;
;;;;;;;;
;;;;;;;;
;;;;;;;;
;;;;;;;;
;;;;;;;;
;;;;;;;;
;;;;;;;;
;;;;;;;;
;;;;;;fl_progressive:steep/https%3A%2F%2Fsubstack-post-media.s3.amazonaws.com%2Fpublic%2Fimages%2F1a4c2b1a-023c-4540-b0bb-b2ca516cd263_877x1093.png;;
